[{"id":"6287705048235@s.whatsapp.net","emas":374,"diamond":123,"besi":683,"ikan":149},{"id":"6283152544875@s.whatsapp.net","emas":690,"diamond":12,"besi":930,"ikan":0},{"id":"16066127966@s.whatsapp.net","emas":17,"diamond":8,"besi":163,"ikan":0},{"id":"6285881526267@s.whatsapp.net","emas":6,"diamond":5,"besi":100,"ikan":47},{"id":"6287721317870@s.whatsapp.net","emas":0,"diamond":0,"besi":0,"ikan":0},{"id":"6287837437078@s.whatsapp.net","emas":0,"diamond":0,"besi":0,"ikan":0},{"id":"6283183318988@s.whatsapp.net","emas":6,"diamond":2,"besi":50,"ikan":0},{"id":"6281339888334@s.whatsapp.net","emas":0,"diamond":0,"besi":0,"ikan":0},{"id":"6281326152042@s.whatsapp.net","emas":0,"diamond":0,"besi":0,"ikan":0},{"id":"6282217590187@s.whatsapp.net","emas":0,"diamond":0,"besi":0,"ikan":0},{"id":"6285224800517@s.whatsapp.net","emas":0,"diamond":0,"besi":0,"ikan":0},{"id":"6288295070569@s.whatsapp.net","emas":0,"diamond":0,"besi":0,"ikan":0},{"id":"6281549570236@s.whatsapp.net","emas":0,"diamond":0,"besi":0,"ikan":0},{"id":"6285213408019@s.whatsapp.net","emas":0,"diamond":0,"besi":0,"ikan":0},{"id":"6283177823886@s.whatsapp.net","emas":0,"diamond":0,"besi":0,"ikan":0},{"id":"447441437150@s.whatsapp.net","emas":778,"diamond":51,"besi":1197,"ikan":0},{"id":"27634090203@s.whatsapp.net","emas":0,"diamond":0,"besi":0,"ikan":0}]