{
  "sticker": {},
  "database": {},
  "game": {
    "tebaklagu": [],
    "family100": [],
    "math": [],
    "tebakgambar": [],
    "tebakkata": [],
    "lontong": [],
    "lontong_desk": [],
    "kalimat": [],
    "lirik": [],
    "tebakan": []
  },
  "settings": {
    "447441437150@s.whatsapp.net": {
      "status": 0,
      "autobio": true,
      "templateImage": false,
      "templateLocation": false,
      "templateGif": false,
      "templateMsg": false,
      "templateList": false,
      "templateDoc": false,
      "templateZimbot": true,
      "chatbot": false,
      "grouponly": false,
      "autoblock": false
    },
    "27634090203@s.whatsapp.net": {
      "status": 0,
      "autobio": true,
      "templateImage": false,
      "templateLocation": false,
      "templateGif": false,
      "templateMsg": false,
      "templateList": false,
      "templateDoc": false,
      "templateZimbot": true,
      "chatbot": false,
      "grouponly": false,
      "autoblock": false
    },
    "351966964666@s.whatsapp.net": {
      "status": 0,
      "autobio": true,
      "templateImage": false,
      "templateLocation": false,
      "templateGif": false,
      "templateMsg": false,
      "templateList": false,
      "templateDoc": false,
      "templateCatalog": true,
      "templateZimbot": false,
      "chatbot": false,
      "grouponly": false,
      "autoblock": false
    }
  },
  "others": {
    "vote": []
  },
  "users": {
    "447441437150@s.whatsapp.net": {
      "afkTime": -1,
      "afkReason": "",
      "limit": 100000
    },
    "918099869761@s.whatsapp.net": {
      "afkTime": -1,
      "afkReason": "",
      "limit": 100000
    },
    "27642553046@s.whatsapp.net": {
      "afkTime": -1,
      "afkReason": "",
      "limit": 100000
    },
    "919438269055@s.whatsapp.net": {
      "afkTime": -1,
      "afkReason": "",
      "limit": 100000
    },
    "27634090203@s.whatsapp.net": {
      "afkTime": -1,
      "afkReason": "",
      "limit": "Infinity"
    },
    "6285865567034@s.whatsapp.net": {
      "afkTime": -1,
      "afkReason": "",
      "limit": 100000
    },
    "27712133797@s.whatsapp.net": {
      "afkTime": -1,
      "afkReason": "",
      "limit": 100000
    },
    "27725085939@s.whatsapp.net": {
      "afkTime": -1,
      "afkReason": "",
      "limit": 100000
    },
    "263717436170@s.whatsapp.net": {
      "afkTime": -1,
      "afkReason": "",
      "limit": 100000
    },
    "263713525699@s.whatsapp.net": {
      "afkTime": -1,
      "afkReason": "",
      "limit": 100000
    },
    "27846142621@s.whatsapp.net": {
      "afkTime": -1,
      "afkReason": "",
      "limit": 100000
    },
    "258844288119@s.whatsapp.net": {
      "afkTime": -1,
      "afkReason": "",
      "limit": 100000
    },
    "258822599632@s.whatsapp.net": {
      "afkTime": -1,
      "afkReason": "",
      "limit": 100000
    },
    "917978711195@s.whatsapp.net": {
      "afkTime": -1,
      "afkReason": "",
      "limit": 100000
    },
    "263718794823@s.whatsapp.net": {
      "afkTime": -1,
      "afkReason": "",
      "limit": 100000
    },
    "263788872446@s.whatsapp.net": {
      "afkTime": -1,
      "afkReason": "",
      "limit": 100000
    },
    "27748187589@s.whatsapp.net": {
      "afkTime": -1,
      "afkReason": "",
      "limit": 100000
    },
    "263777767939@s.whatsapp.net": {
      "afkTime": -1,
      "afkReason": "",
      "limit": 100000
    },
    "258863041845@s.whatsapp.net": {
      "afkTime": -1,
      "afkReason": "",
      "limit": 100000
    },
    "6283822892316@s.whatsapp.net": {
      "afkTime": -1,
      "afkReason": "",
      "limit": 100000
    },
    "6282126777639@s.whatsapp.net": {
      "afkTime": -1,
      "afkReason": "",
      "limit": 100000
    },
    "263777368790@s.whatsapp.net": {
      "afkTime": -1,
      "afkReason": "",
      "limit": 100000
    },
    "263716079900@s.whatsapp.net": {
      "afkTime": -1,
      "afkReason": "",
      "limit": 100000
    },
    "263775707580@s.whatsapp.net": {
      "afkTime": -1,
      "afkReason": "",
      "limit": 100000
    },
    "9779803567841@s.whatsapp.net": {
      "afkTime": -1,
      "afkReason": "",
      "limit": 100000
    },
    "263719866828@s.whatsapp.net": {
      "afkTime": -1,
      "afkReason": "",
      "limit": 100000
    },
    "263771699141@s.whatsapp.net": {
      "afkTime": -1,
      "afkReason": "",
      "limit": 100000
    },
    "263782357220@s.whatsapp.net": {
      "afkTime": -1,
      "afkReason": "",
      "limit": 100000
    },
    "263716239347@s.whatsapp.net": {
      "afkTime": -1,
      "afkReason": "",
      "limit": 100000
    },
    "263771081535@s.whatsapp.net": {
      "afkTime": -1,
      "afkReason": "",
      "limit": 100000
    },
    "212638499105@s.whatsapp.net": {
      "afkTime": -1,
      "afkReason": "",
      "limit": 100000
    },
    "6281392068116@s.whatsapp.net": {
      "afkTime": -1,
      "afkReason": "",
      "limit": 100000
    },
    "6289631095044@s.whatsapp.net": {
      "afkTime": -1,
      "afkReason": "",
      "limit": 100000
    },
    "263774636218@s.whatsapp.net": {
      "afkTime": -1,
      "afkReason": "",
      "limit": 100000
    },
    "27633473002@s.whatsapp.net": {
      "afkTime": -1,
      "afkReason": "",
      "limit": 100000
    },
    "923474187615@s.whatsapp.net": {
      "afkTime": -1,
      "afkReason": "",
      "limit": 100000
    },
    "263780564398@s.whatsapp.net": {
      "afkTime": -1,
      "afkReason": "",
      "limit": 100000
    },
    "263714117336@s.whatsapp.net": {
      "afkTime": -1,
      "afkReason": "",
      "limit": 100000
    },
    "263773406036@s.whatsapp.net": {
      "afkTime": -1,
      "afkReason": "",
      "limit": 100000
    },
    "2349073821579@s.whatsapp.net": {
      "afkTime": -1,
      "afkReason": "",
      "limit": 100000
    },
    "212644870790@s.whatsapp.net": {
      "afkTime": -1,
      "afkReason": "",
      "limit": 100000
    },
    "263718532985@s.whatsapp.net": {
      "afkTime": -1,
      "afkReason": "",
      "limit": 100000
    },
    "918188019676@s.whatsapp.net": {
      "afkTime": -1,
      "afkReason": "",
      "limit": 100000
    },
    "601139986821@s.whatsapp.net": {
      "afkTime": -1,
      "afkReason": "",
      "limit": 100000
    },
    "27844564106@s.whatsapp.net": {
      "afkTime": -1,
      "afkReason": "",
      "limit": 100000
    },
    "923111547082@s.whatsapp.net": {
      "afkTime": -1,
      "afkReason": "",
      "limit": 100000
    },
    "27746216450@s.whatsapp.net": {
      "afkTime": -1,
      "afkReason": "",
      "limit": 100000
    },
    "919869807953@s.whatsapp.net": {
      "afkTime": -1,
      "afkReason": "",
      "limit": 100000
    },
    "27781004118@s.whatsapp.net": {
      "afkTime": -1,
      "afkReason": "",
      "limit": 100000
    },
    "263788927268@s.whatsapp.net": {
      "afkTime": -1,
      "afkReason": "",
      "limit": 100000
    },
    "263778037716@s.whatsapp.net": {
      "afkTime": -1,
      "afkReason": "",
      "limit": 100000
    },
    "263788306844@s.whatsapp.net": {
      "afkTime": -1,
      "afkReason": "",
      "limit": 100000
    },
    "601163820524@s.whatsapp.net": {
      "afkTime": -1,
      "afkReason": "",
      "limit": 100000
    },
    "263778814755@s.whatsapp.net": {
      "afkTime": -1,
      "afkReason": "",
      "limit": 100000
    },
    "27651739862@s.whatsapp.net": {
      "afkTime": -1,
      "afkReason": "",
      "limit": 100000
    },
    "255684640070@s.whatsapp.net": {
      "afkTime": -1,
      "afkReason": "",
      "limit": 100000
    },
    "233547283243@s.whatsapp.net": {
      "afkTime": -1,
      "afkReason": "",
      "limit": 100000
    },
    "254768233153@s.whatsapp.net": {
      "afkTime": -1,
      "afkReason": "",
      "limit": 100000
    },
    "6285692573306@s.whatsapp.net": {
      "afkTime": -1,
      "afkReason": "",
      "limit": 100000
    },
    "263714002920@s.whatsapp.net": {
      "afkTime": -1,
      "afkReason": "",
      "limit": 100000
    },
    "351966964666@s.whatsapp.net": {
      "afkTime": -1,
      "afkReason": "",
      "limit": "Infinity"
    },
    "919656459062@s.whatsapp.net": {
      "afkTime": -1,
      "afkReason": "",
      "limit": 100000
    },
    "918113921898@s.whatsapp.net": {
      "afkTime": -1,
      "afkReason": "",
      "limit": 100000
    },
    "436993888888443@s.whatsapp.net": {
      "afkTime": -1,
      "afkReason": "",
      "limit": 100000
    },
    "212776258137@s.whatsapp.net": {
      "afkTime": -1,
      "afkReason": "",
      "limit": 100000
    },
    "918590508376@s.whatsapp.net": {
      "afkTime": -1,
      "afkReason": "",
      "limit": "Infinity"
    },
    "212612849079@s.whatsapp.net": {
      "afkTime": -1,
      "afkReason": "",
      "limit": 100000
    },
    "212617969574@s.whatsapp.net": {
      "afkTime": -1,
      "afkReason": "",
      "limit": 100000
    },
    "237694430082@s.whatsapp.net": {
      "afkTime": -1,
      "afkReason": "",
      "limit": 100000
    }
  },
  "chats": {
    "447441437150@s.whatsapp.net": {
      "mute": false,
      "chatbot": false,
      "wame": false,
      "antilink": false,
      "antilinkyt": false,
      "isWelcome": false,
      "antilinkall": false,
      "antiytchannel": false,
      "antitiktok": false,
      "antitelegram": false,
      "antiinstagram": false,
      "antifb": false,
      "antibule": false,
      "antiwame": false,
      "antitwitter": false,
      "antisticker": false,
      "antiphoto": false,
      "antivn": false,
      "antivideo": false,
      "autoblock": false
    },
    "918472856351-1630431464@g.us": {
      "mute": false,
      "chatbot": false,
      "wame": false,
      "antilink": false,
      "antilinkyt": false,
      "isWelcome": false,
      "antilinkall": false,
      "antiytchannel": false,
      "antitiktok": false,
      "antitelegram": false,
      "antiinstagram": false,
      "antifb": false,
      "antibule": false,
      "antiwame": false,
      "antitwitter": false,
      "antisticker": false,
      "antiphoto": false,
      "antivn": false,
      "antivideo": false,
      "autoblock": false
    },
    "120363041933152186@g.us": {
      "mute": false,
      "chatbot": false,
      "wame": false,
      "antilink": false,
      "antilinkyt": false,
      "isWelcome": false,
      "antilinkall": true,
      "antiytchannel": false,
      "antitiktok": false,
      "antitelegram": false,
      "antiinstagram": false,
      "antifb": false,
      "antibule": false,
      "antiwame": false,
      "antitwitter": false,
      "antisticker": false,
      "antiphoto": false,
      "antivn": false,
      "antivideo": false,
      "autoblock": false
    },
    "120363038656895036@g.us": {
      "mute": false,
      "chatbot": false,
      "wame": false,
      "antilink": false,
      "antilinkyt": false,
      "isWelcome": false,
      "antilinkall": false,
      "antiytchannel": false,
      "antitiktok": false,
      "antitelegram": false,
      "antiinstagram": false,
      "antifb": false,
      "antibule": false,
      "antiwame": false,
      "antitwitter": false,
      "antisticker": false,
      "antiphoto": false,
      "antivn": false,
      "antivideo": false,
      "autoblock": false
    },
    "27634090203-1632904922@g.us": {
      "mute": false,
      "chatbot": false,
      "wame": false,
      "antilink": false,
      "antilinkyt": false,
      "isWelcome": false,
      "antilinkall": false,
      "antiytchannel": false,
      "antitiktok": false,
      "antitelegram": false,
      "antiinstagram": false,
      "antifb": false,
      "antibule": false,
      "antiwame": false,
      "antitwitter": false,
      "antisticker": false,
      "antiphoto": false,
      "antivn": false,
      "antivideo": false,
      "autoblock": false
    },
    "27634090203@s.whatsapp.net": {
      "mute": false,
      "chatbot": false,
      "wame": false,
      "antilink": false,
      "antilinkyt": false,
      "isWelcome": false,
      "antilinkall": false,
      "antiytchannel": false,
      "antitiktok": false,
      "antitelegram": false,
      "antiinstagram": false,
      "antifb": false,
      "antibule": false,
      "antiwame": false,
      "antitwitter": false,
      "antisticker": false,
      "antiphoto": false,
      "antivn": false,
      "antivideo": false,
      "autoblock": false
    },
    "6288215470534-1600091220@g.us": {
      "mute": false,
      "chatbot": false,
      "wame": false,
      "antilink": false,
      "antilinkyt": false,
      "isWelcome": false,
      "antilinkall": false,
      "antiytchannel": false,
      "antitiktok": false,
      "antitelegram": false,
      "antiinstagram": false,
      "antifb": false,
      "antibule": false,
      "antiwame": false,
      "antitwitter": false,
      "antisticker": false,
      "antiphoto": false,
      "antivn": false,
      "antivideo": false
    },
    "120363042048651049@g.us": {
      "mute": false,
      "chatbot": false,
      "wame": false,
      "antilink": false,
      "antilinkyt": false,
      "isWelcome": false,
      "antilinkall": false,
      "antiytchannel": false,
      "antitiktok": false,
      "antitelegram": false,
      "antiinstagram": false,
      "antifb": false,
      "antibule": false,
      "antiwame": false,
      "antitwitter": false,
      "antisticker": false,
      "antiphoto": false,
      "antivn": false,
      "antivideo": false,
      "autoblock": false
    },
    "120363040325594192@g.us": {
      "mute": false,
      "chatbot": false,
      "wame": false,
      "antilink": false,
      "antilinkyt": false,
      "isWelcome": false,
      "antilinkall": false,
      "antiytchannel": false,
      "antitiktok": false,
      "antitelegram": false,
      "antiinstagram": false,
      "antifb": false,
      "antibule": false,
      "antiwame": false,
      "antitwitter": false,
      "antisticker": false,
      "antiphoto": false,
      "antivn": false,
      "antivideo": false,
      "autoblock": false
    },
    "120363023956460625@g.us": {
      "mute": false,
      "chatbot": false,
      "wame": false,
      "antilink": false,
      "antilinkyt": false,
      "isWelcome": false,
      "antilinkall": false,
      "antiytchannel": false,
      "antitiktok": false,
      "antitelegram": false,
      "antiinstagram": false,
      "antifb": false,
      "antibule": false,
      "antiwame": false,
      "antitwitter": false,
      "antisticker": false,
      "antiphoto": false,
      "antivn": false,
      "antivideo": false,
      "autoblock": false
    },
    "120363042454246789@g.us": {
      "mute": false,
      "chatbot": false,
      "wame": false,
      "antilink": false,
      "antilinkyt": false,
      "isWelcome": false,
      "antilinkall": false,
      "antiytchannel": false,
      "antitiktok": false,
      "antitelegram": false,
      "antiinstagram": false,
      "antifb": false,
      "antibule": false,
      "antiwame": false,
      "antitwitter": false,
      "antisticker": false,
      "antiphoto": false,
      "antivn": false,
      "antivideo": false
    },
    "258844288119-1622868359@g.us": {
      "mute": false,
      "chatbot": false,
      "wame": false,
      "antilink": false,
      "antilinkyt": false,
      "isWelcome": false,
      "antilinkall": false,
      "antiytchannel": false,
      "antitiktok": false,
      "antitelegram": false,
      "antiinstagram": false,
      "antifb": false,
      "antibule": false,
      "antiwame": false,
      "antitwitter": false,
      "antisticker": false,
      "antiphoto": false,
      "antivn": false,
      "antivideo": false,
      "autoblock": false
    },
    "27782977157-1618767131@g.us": {
      "mute": false,
      "chatbot": false,
      "wame": false,
      "antilink": false,
      "antilinkyt": false,
      "isWelcome": false,
      "antilinkall": false,
      "antiytchannel": false,
      "antitiktok": false,
      "antitelegram": false,
      "antiinstagram": false,
      "antifb": false,
      "antibule": false,
      "antiwame": false,
      "antitwitter": false,
      "antisticker": false,
      "antiphoto": false,
      "antivn": false,
      "antivideo": false
    },
    "254738099457-1594537724@g.us": {
      "mute": false,
      "chatbot": false,
      "wame": false,
      "antilink": false,
      "antilinkyt": false,
      "isWelcome": false,
      "antilinkall": false,
      "antiytchannel": false,
      "antitiktok": false,
      "antitelegram": false,
      "antiinstagram": false,
      "antifb": false,
      "antibule": false,
      "antiwame": false,
      "antitwitter": false,
      "antisticker": false,
      "antiphoto": false,
      "antivn": false,
      "antivideo": false,
      "autoblock": false
    },
    "263771699141-1613299396@g.us": {
      "mute": false,
      "chatbot": false,
      "wame": false,
      "antilink": false,
      "antilinkyt": false,
      "isWelcome": false,
      "antilinkall": false,
      "antiytchannel": false,
      "antitiktok": false,
      "antitelegram": false,
      "antiinstagram": false,
      "antifb": false,
      "antibule": false,
      "antiwame": false,
      "antitwitter": false,
      "antisticker": false,
      "antiphoto": false,
      "antivn": false,
      "antivideo": false,
      "autoblock": false
    },
    "120363041908750970@g.us": {
      "mute": false,
      "chatbot": false,
      "wame": false,
      "antilink": false,
      "antilinkyt": false,
      "isWelcome": false,
      "antilinkall": false,
      "antiytchannel": false,
      "antitiktok": false,
      "antitelegram": false,
      "antiinstagram": false,
      "antifb": false,
      "antibule": false,
      "antiwame": false,
      "antitwitter": false,
      "antisticker": false,
      "antiphoto": false,
      "antivn": false,
      "antivideo": false,
      "autoblock": false
    },
    "120363040007582886@g.us": {
      "mute": false,
      "chatbot": false,
      "wame": false,
      "antilink": false,
      "antilinkyt": false,
      "isWelcome": false,
      "antilinkall": false,
      "antiytchannel": false,
      "antitiktok": false,
      "antitelegram": false,
      "antiinstagram": false,
      "antifb": false,
      "antibule": false,
      "antiwame": false,
      "antitwitter": false,
      "antisticker": false,
      "antiphoto": false,
      "antivn": false,
      "antivideo": false,
      "autoblock": false
    },
    "6283822892316@s.whatsapp.net": {
      "mute": false,
      "chatbot": false,
      "wame": false,
      "antilink": false,
      "antilinkyt": false,
      "isWelcome": false,
      "antilinkall": false,
      "antiytchannel": false,
      "antitiktok": false,
      "antitelegram": false,
      "antiinstagram": false,
      "antifb": false,
      "antibule": false,
      "antiwame": false,
      "antitwitter": false,
      "antisticker": false,
      "antiphoto": false,
      "antivn": false,
      "antivideo": false,
      "autoblock": false
    },
    "6289665185374-1514810664@g.us": {
      "mute": false,
      "chatbot": false,
      "antilink": false,
      "antilinkyt": false,
      "autoblock": false,
      "isWelcome": false,
      "antilinkall": false,
      "antiytchannel": false,
      "antitiktok": false,
      "antitelegram": false,
      "antiinstagram": false,
      "antifb": false,
      "antibule": false,
      "antiwame": false,
      "wame": false,
      "antitwitter": false,
      "antivn": false,
      "antiphoto": false,
      "antisticker": false,
      "antivideo": false
    },
    "120363039326647607@g.us": {
      "mute": false,
      "chatbot": false,
      "wame": false,
      "antilink": false,
      "antilinkyt": false,
      "isWelcome": false,
      "antilinkall": false,
      "antiytchannel": false,
      "antitiktok": false,
      "antitelegram": false,
      "antiinstagram": false,
      "antifb": false,
      "antibule": false,
      "antiwame": false,
      "antitwitter": false,
      "antisticker": false,
      "antiphoto": false,
      "antivn": false,
      "antivideo": false,
      "autoblock": false
    },
    "263771774309-1604865550@g.us": {
      "mute": false,
      "chatbot": false,
      "wame": false,
      "antilink": false,
      "antilinkyt": false,
      "isWelcome": false,
      "antilinkall": false,
      "antiytchannel": false,
      "antitiktok": false,
      "antitelegram": false,
      "antiinstagram": false,
      "antifb": false,
      "antibule": false,
      "antiwame": false,
      "antitwitter": false,
      "antisticker": false,
      "antiphoto": false,
      "antivn": false,
      "antivideo": false,
      "autoblock": false
    },
    "120363045262056237@g.us": {
      "mute": false,
      "chatbot": false,
      "wame": false,
      "antilink": false,
      "antilinkyt": false,
      "isWelcome": false,
      "antilinkall": false,
      "antiytchannel": false,
      "antitiktok": false,
      "antitelegram": false,
      "antiinstagram": false,
      "antifb": false,
      "antibule": false,
      "antiwame": false,
      "antitwitter": false,
      "antisticker": false,
      "antiphoto": false,
      "antivn": false,
      "antivideo": false,
      "autoblock": false
    },
    "212638499105@s.whatsapp.net": {
      "mute": false,
      "chatbot": false,
      "wame": false,
      "antilink": false,
      "antilinkyt": false,
      "isWelcome": false,
      "antilinkall": false,
      "antiytchannel": false,
      "antitiktok": false,
      "antitelegram": false,
      "antiinstagram": false,
      "antifb": false,
      "antibule": false,
      "antiwame": false,
      "antitwitter": false,
      "antisticker": false,
      "antiphoto": false,
      "antivn": false,
      "antivideo": false,
      "autoblock": false
    },
    "263713381263@s.whatsapp.net": {
      "mute": false,
      "chatbot": false,
      "wame": false,
      "antilink": false,
      "antilinkyt": false,
      "isWelcome": false,
      "antilinkall": false,
      "antiytchannel": false,
      "antitiktok": false,
      "antitelegram": false,
      "antiinstagram": false,
      "antifb": false,
      "antibule": false,
      "antiwame": false,
      "antitwitter": false,
      "antisticker": false,
      "antiphoto": false,
      "antivn": false,
      "antivideo": false,
      "autoblock": false
    },
    "923474187615@s.whatsapp.net": {
      "mute": false,
      "chatbot": false,
      "wame": false,
      "antilink": false,
      "antilinkyt": false,
      "isWelcome": false,
      "antilinkall": false,
      "antiytchannel": false,
      "antitiktok": false,
      "antitelegram": false,
      "antiinstagram": false,
      "antifb": false,
      "antibule": false,
      "antiwame": false,
      "antitwitter": false,
      "antisticker": false,
      "antiphoto": false,
      "antivn": false,
      "antivideo": false
    },
    "120363022726357621@g.us": {
      "mute": false,
      "chatbot": false,
      "wame": false,
      "antilink": false,
      "antilinkyt": false,
      "isWelcome": false,
      "antilinkall": false,
      "antiytchannel": false,
      "antitiktok": false,
      "antitelegram": false,
      "antiinstagram": false,
      "antifb": false,
      "antibule": false,
      "antiwame": false,
      "antitwitter": false,
      "antisticker": false,
      "antiphoto": false,
      "antivn": false,
      "antivideo": false,
      "autoblock": false
    },
    "918188019676@s.whatsapp.net": {
      "mute": false,
      "chatbot": false,
      "wame": false,
      "antilink": false,
      "antilinkyt": false,
      "isWelcome": false,
      "antilinkall": false,
      "antiytchannel": false,
      "antitiktok": false,
      "antitelegram": false,
      "antiinstagram": false,
      "antifb": false,
      "antibule": false,
      "antiwame": false,
      "antitwitter": false,
      "antisticker": false,
      "antiphoto": false,
      "antivn": false,
      "antivideo": false,
      "autoblock": false
    },
    "923111547082@s.whatsapp.net": {
      "mute": false,
      "chatbot": false,
      "wame": false,
      "antilink": false,
      "antilinkyt": false,
      "isWelcome": false,
      "antilinkall": false,
      "antiytchannel": false,
      "antitiktok": false,
      "antitelegram": false,
      "antiinstagram": false,
      "antifb": false,
      "antibule": false,
      "antiwame": false,
      "antitwitter": false,
      "antisticker": false,
      "antiphoto": false,
      "antivn": false,
      "antivideo": false,
      "autoblock": false
    },
    "27610590754@s.whatsapp.net": {
      "mute": false,
      "chatbot": false,
      "wame": false,
      "antilink": false,
      "antilinkyt": false,
      "isWelcome": false,
      "antilinkall": false,
      "antiytchannel": false,
      "antitiktok": false,
      "antitelegram": false,
      "antiinstagram": false,
      "antifb": false,
      "antibule": false,
      "antiwame": false,
      "antitwitter": false,
      "antisticker": false,
      "antiphoto": false,
      "antivn": false,
      "antivideo": false,
      "autoblock": false
    },
    "254792196739-1589641043@g.us": {
      "mute": false,
      "chatbot": false,
      "wame": false,
      "antilink": false,
      "antilinkyt": false,
      "isWelcome": false,
      "antilinkall": false,
      "antiytchannel": false,
      "antitiktok": false,
      "antitelegram": false,
      "antiinstagram": false,
      "antifb": false,
      "antibule": false,
      "antiwame": false,
      "antitwitter": false,
      "antisticker": false,
      "antiphoto": false,
      "antivn": false,
      "antivideo": false
    },
    "6285773305337@s.whatsapp.net": {
      "mute": false,
      "chatbot": false,
      "wame": false,
      "antilink": false,
      "antilinkyt": false,
      "isWelcome": false,
      "antilinkall": false,
      "antiytchannel": false,
      "antitiktok": false,
      "antitelegram": false,
      "antiinstagram": false,
      "antifb": false,
      "antibule": false,
      "antiwame": false,
      "antitwitter": false,
      "antisticker": false,
      "antiphoto": false,
      "antivn": false,
      "antivideo": false
    },
    "351966964666@s.whatsapp.net": {
      "mute": false,
      "chatbot": false,
      "wame": false,
      "antilink": false,
      "antilinkyt": false,
      "isWelcome": false,
      "antilinkall": false,
      "antiytchannel": false,
      "antitiktok": false,
      "antitelegram": false,
      "antiinstagram": false,
      "antifb": false,
      "antibule": false,
      "antiwame": false,
      "antitwitter": false,
      "antisticker": false,
      "antiphoto": false,
      "antivn": false,
      "antivideo": false,
      "autoblock": false
    },
    "120363040549014341@g.us": {
      "mute": false,
      "chatbot": false,
      "wame": false,
      "antilink": false,
      "antilinkyt": false,
      "isWelcome": false,
      "antilinkall": false,
      "antiytchannel": false,
      "antitiktok": false,
      "antitelegram": false,
      "antiinstagram": false,
      "antifb": false,
      "antibule": false,
      "antiwame": false,
      "antitwitter": false,
      "antisticker": false,
      "antiphoto": false,
      "antivn": false,
      "antivideo": false,
      "autoblock": false
    },
    "212776258137@s.whatsapp.net": {
      "mute": false,
      "chatbot": false,
      "wame": false,
      "antilink": false,
      "antilinkyt": false,
      "isWelcome": false,
      "antilinkall": false,
      "antiytchannel": false,
      "antitiktok": false,
      "antitelegram": false,
      "antiinstagram": false,
      "antifb": false,
      "antibule": false,
      "antiwame": false,
      "antitwitter": false,
      "antisticker": false,
      "antiphoto": false,
      "antivn": false,
      "antivideo": false,
      "autoblock": false
    },
    "212612849079@s.whatsapp.net": {
      "mute": false,
      "chatbot": false,
      "wame": false,
      "antilink": false,
      "antilinkyt": false,
      "isWelcome": false,
      "antilinkall": false,
      "antiytchannel": false,
      "antitiktok": false,
      "antitelegram": false,
      "antiinstagram": false,
      "antifb": false,
      "antibule": false,
      "antiwame": false,
      "antitwitter": false,
      "antisticker": false,
      "antiphoto": false,
      "antivn": false,
      "antivideo": false
    },
    "120363044371296658@g.us": {
      "mute": false,
      "chatbot": false,
      "wame": false,
      "antilink": false,
      "antilinkyt": false,
      "isWelcome": false,
      "antilinkall": false,
      "antiytchannel": false,
      "antitiktok": false,
      "antitelegram": false,
      "antiinstagram": false,
      "antifb": false,
      "antibule": false,
      "antiwame": false,
      "antitwitter": false,
      "antisticker": false,
      "antiphoto": false,
      "antivn": false,
      "antivideo": false,
      "autoblock": false
    },
    "120363041092561032@g.us": {
      "mute": false,
      "chatbot": false,
      "wame": false,
      "antilink": false,
      "antilinkyt": false,
      "isWelcome": false,
      "antilinkall": false,
      "antiytchannel": false,
      "antitiktok": false,
      "antitelegram": false,
      "antiinstagram": false,
      "antifb": false,
      "antibule": false,
      "antiwame": false,
      "antitwitter": false,
      "antisticker": false,
      "antiphoto": false,
      "antivn": false,
      "antivideo": false
    }
  }
}