[{"id":"6281575886399@s.whatsapp.net","healt":80},{"id":"27634090203@s.whatsapp.net","healt":100},{"id":"27634090203@s.whatsapp.net","healt":100},{"id":"27634090203@s.whatsapp.net","healt":100},{"id":"27634090203@s.whatsapp.net","healt":100},{"id":"27634090203@s.whatsapp.net","healt":100},{"id":"27634090203@s.whatsapp.net","healt":100},{"id":"27634090203@s.whatsapp.net","healt":100},{"id":"27634090203@s.whatsapp.net","healt":100},{"id":"27634090203@s.whatsapp.net","healt":100},{"id":"27634090203@s.whatsapp.net","healt":100},{"id":"27634090203@s.whatsapp.net","healt":100},{"id":"27634090203@s.whatsapp.net","healt":100},{"id":"27634090203@s.whatsapp.net","healt":100},{"id":"27634090203@s.whatsapp.net","healt":100},{"id":"27634090203@s.whatsapp.net","healt":100},{"id":"27634090203@s.whatsapp.net","healt":100},{"id":"27634090203@s.whatsapp.net","healt":100},{"id":"27634090203@s.whatsapp.net","healt":100},{"id":"27634090203@s.whatsapp.net","healt":100},{"id":"27634090203@s.whatsapp.net","healt":100},{"id":"27634090203@s.whatsapp.net","healt":100},{"id":"27634090203@s.whatsapp.net","healt":100},{"id":"27634090203@s.whatsapp.net","healt":100},{"id":"27634090203@s.whatsapp.net","healt":100},{"id":"27634090203@s.whatsapp.net","healt":100},{"id":"27634090203@s.whatsapp.net","healt":100},{"id":"27634090203@s.whatsapp.net","healt":100},{"id":"27634090203@s.whatsapp.net","healt":100},{"id":"27634090203@s.whatsapp.net","healt":100},{"id":"27634090203@s.whatsapp.net","healt":100},{"id":"27634090203@s.whatsapp.net","healt":80},{"id":"27634090203@s.whatsapp.net","healt":100},{"id":"27634090203@s.whatsapp.net","healt":90},{"id":"27634090203@s.whatsapp.net","healt":100},{"id":"27634090203@s.whatsapp.net","healt":100},{"id":"27634090203@s.whatsapp.net","healt":100},{"id":"27634090203@s.whatsapp.net","healt":100},{"id":"27634090203@s.whatsapp.net","healt":70},{"id":"27634090203@s.whatsapp.net","healt":100},{"id":"27634090203@s.whatsapp.net","healt":100},{"id":"27634090203@s.whatsapp.net","healt":100},{"id":"27634090203@s.whatsapp.net","healt":80},{"id":"447441437150@s.whatsapp.net","healt":100},{"id":"447441437150@s.whatsapp.net","healt":80},{"id":"447441437150@s.whatsapp.net","healt":50},{"id":"27634090203@s.whatsapp.net","healt":100}]