[{"id":"6281575886399@s.whatsapp.net","besi":17,"gold":10,"emerald":7,"umpan":5,"potion":1},{"id":"27634090203@s.whatsapp.net","besi":15,"gold":10,"emerald":5,"umpan":5,"potion":1},{"id":"27634090203@s.whatsapp.net","besi":19,"gold":10,"emerald":5,"umpan":5,"potion":1},{"id":"27634090203@s.whatsapp.net","besi":15,"gold":10,"emerald":6,"umpan":5,"potion":1},{"id":"27634090203@s.whatsapp.net","besi":16,"gold":10,"emerald":5,"umpan":5,"potion":1},{"id":"27634090203@s.whatsapp.net","besi":15,"gold":10,"emerald":5,"umpan":5,"potion":1},{"id":"27634090203@s.whatsapp.net","besi":15,"gold":10,"emerald":5,"umpan":5,"potion":1},{"id":"27634090203@s.whatsapp.net","besi":15,"gold":10,"emerald":5,"umpan":5,"potion":1},{"id":"27634090203@s.whatsapp.net","besi":15,"gold":10,"emerald":5,"umpan":5,"potion":1},{"id":"27634090203@s.whatsapp.net","besi":15,"gold":10,"emerald":5,"umpan":5,"potion":1},{"id":"27634090203@s.whatsapp.net","besi":15,"gold":10,"emerald":5,"umpan":5,"potion":1},{"id":"27634090203@s.whatsapp.net","besi":15,"gold":10,"emerald":5,"umpan":5,"potion":1},{"id":"27634090203@s.whatsapp.net","besi":15,"gold":10,"emerald":5,"umpan":5,"potion":1},{"id":"27634090203@s.whatsapp.net","besi":15,"gold":10,"emerald":5,"umpan":5,"potion":1},{"id":"27634090203@s.whatsapp.net","besi":15,"gold":10,"emerald":5,"umpan":5,"potion":1},{"id":"27634090203@s.whatsapp.net","besi":15,"gold":10,"emerald":5,"umpan":5,"potion":1},{"id":"27634090203@s.whatsapp.net","besi":15,"gold":10,"emerald":5,"umpan":5,"potion":1},{"id":"27634090203@s.whatsapp.net","besi":15,"gold":10,"emerald":5,"umpan":5,"potion":1},{"id":"27634090203@s.whatsapp.net","besi":15,"gold":10,"emerald":5,"umpan":5,"potion":1},{"id":"27634090203@s.whatsapp.net","besi":15,"gold":10,"emerald":5,"umpan":5,"potion":1},{"id":"27634090203@s.whatsapp.net","besi":15,"gold":10,"emerald":5,"umpan":5,"potion":1},{"id":"27634090203@s.whatsapp.net","besi":15,"gold":10,"emerald":5,"umpan":5,"potion":1},{"id":"27634090203@s.whatsapp.net","besi":15,"gold":10,"emerald":5,"umpan":5,"potion":1},{"id":"27634090203@s.whatsapp.net","besi":15,"gold":10,"emerald":5,"umpan":5,"potion":1},{"id":"27634090203@s.whatsapp.net","besi":15,"gold":10,"emerald":5,"umpan":5,"potion":1},{"id":"27634090203@s.whatsapp.net","besi":15,"gold":10,"emerald":5,"umpan":5,"potion":1},{"id":"27634090203@s.whatsapp.net","besi":15,"gold":10,"emerald":5,"umpan":5,"potion":1},{"id":"27634090203@s.whatsapp.net","besi":15,"gold":10,"emerald":5,"umpan":5,"potion":1},{"id":"27634090203@s.whatsapp.net","besi":15,"gold":10,"emerald":5,"umpan":5,"potion":1},{"id":"27634090203@s.whatsapp.net","besi":15,"gold":10,"emerald":5,"umpan":5,"potion":1},{"id":"27634090203@s.whatsapp.net","besi":15,"gold":10,"emerald":5,"umpan":5,"potion":1},{"id":"27634090203@s.whatsapp.net","besi":15,"gold":10,"emerald":5,"umpan":5,"potion":1},{"id":"27634090203@s.whatsapp.net","besi":15,"gold":10,"emerald":5,"umpan":5,"potion":1},{"id":"27634090203@s.whatsapp.net","besi":15,"gold":10,"emerald":5,"umpan":5,"potion":1},{"id":"27634090203@s.whatsapp.net","besi":15,"gold":10,"emerald":5,"umpan":5,"potion":1},{"id":"27634090203@s.whatsapp.net","besi":15,"gold":10,"emerald":5,"umpan":5,"potion":1},{"id":"27634090203@s.whatsapp.net","besi":19,"gold":10,"emerald":5,"umpan":5,"potion":1},{"id":"27634090203@s.whatsapp.net","besi":15,"gold":10,"emerald":6,"umpan":5,"potion":1},{"id":"27634090203@s.whatsapp.net","besi":15,"gold":10,"emerald":5,"umpan":5,"potion":1},{"id":"27634090203@s.whatsapp.net","besi":15,"gold":10,"emerald":5,"umpan":5,"potion":1},{"id":"27634090203@s.whatsapp.net","besi":18,"gold":10,"emerald":5,"umpan":5,"potion":1},{"id":"27634090203@s.whatsapp.net","besi":15,"gold":10,"emerald":5,"umpan":5,"potion":1},{"id":"27634090203@s.whatsapp.net","besi":15,"gold":10,"emerald":5,"umpan":5,"potion":1},{"id":"27634090203@s.whatsapp.net","besi":15,"gold":10,"emerald":5,"umpan":5,"potion":1},{"id":"27634090203@s.whatsapp.net","besi":15,"gold":10,"emerald":5,"umpan":5,"potion":1},{"id":"27634090203@s.whatsapp.net","besi":15,"gold":10,"emerald":5,"umpan":5,"potion":1},{"id":"27634090203@s.whatsapp.net","besi":15,"gold":10,"emerald":5,"umpan":5,"potion":1},{"id":"27634090203@s.whatsapp.net","besi":16,"gold":10,"emerald":5,"umpan":5,"potion":1},{"id":"27634090203@s.whatsapp.net","besi":16,"gold":10,"emerald":5,"umpan":5,"potion":1},{"id":"27634090203@s.whatsapp.net","besi":15,"gold":10,"emerald":5,"umpan":5,"potion":1},{"id":"27634090203@s.whatsapp.net","besi":15,"gold":10,"emerald":5,"umpan":5,"potion":1},{"id":"27634090203@s.whatsapp.net","besi":15,"gold":10,"emerald":5,"umpan":5,"potion":1},{"id":"27634090203@s.whatsapp.net","besi":15,"gold":10,"emerald":5,"umpan":5,"potion":1},{"id":"27634090203@s.whatsapp.net","besi":15,"gold":10,"emerald":5,"umpan":5,"potion":1},{"id":"27634090203@s.whatsapp.net","besi":15,"gold":10,"emerald":5,"umpan":5,"potion":1},{"id":"27634090203@s.whatsapp.net","besi":15,"gold":10,"emerald":5,"umpan":5,"potion":1},{"id":"27634090203@s.whatsapp.net","besi":15,"gold":10,"emerald":5,"umpan":5,"potion":1},{"id":"27634090203@s.whatsapp.net","besi":15,"gold":10,"emerald":6,"umpan":5,"potion":1},{"id":"447441437150@s.whatsapp.net","besi":15,"gold":10,"emerald":5,"umpan":5,"potion":1},{"id":"447441437150@s.whatsapp.net","besi":16,"gold":10,"emerald":6,"umpan":5,"potion":1},{"id":"447441437150@s.whatsapp.net","besi":15,"gold":10,"emerald":5,"umpan":5,"potion":1},{"id":"27634090203@s.whatsapp.net","besi":15,"gold":10,"emerald":5,"umpan":5,"potion":1}]